<?xml version="1.0" encoding="UTF-8"?>
<!DOCTYPE hibernate-configuration SYSTEM 
 "http://www.hibernate.org/dtd/hibernate-configuration-3.0.dtd">
<hibernate-configuration>
<session-factory>
		<property name="hibernate.hbm2ddl.auto">update</property>
		<property name="dialect">org.hibernate.dialect.MySQL5Dialect</property>
		<property name="connection.url">jdbc:mysql://localhost:3306/avcoe</property>
		<property name="connection.username">root</property>
		<property name="connection.password">D@rsh@n@@12345</property>
		<property name="connection.driver_class">com.mysql.cj.jdbc.Driver</property>
		<property name="show_sql">true</property>
         <!-- <mapping resource="student.xml" />-->
		<mapping class="com.hibernate.entities.Student" /> 
	</session-factory>
 </hibernate-configuration>  